{"etaParabolaMinusErr": 0.05827863770279018, "etaParabolaMinus": 0.9888595026514341, "ptOffset": 1.492601999279084, "normErr": 0.0014539222683983234, "etaParabolaBaseErr": 0.003836141275650328, "ptFallingErr": 0.363676995043416, "etaParabolaBase": 1.5817724958605408, "etaParabolaPlus": 1.3148273481129595, "ptFalling": 6.136713840215524, "etaParabolaPlusErr": 0.06304722835669352, "norm": 1.2751739447421924, "ptOffsetErr": 0.00842037319983735}