{"etaParabolaMinusErr": 0.05351328211923678, "etaParabolaMinus": 1.0904553926880798, "ptOffset": 1.355876374740306, "normErr": 0.0013408266579400482, "etaParabolaBaseErr": 0.0033915158775609166, "ptFallingErr": 0.32484419632677897, "etaParabolaBase": 1.4519756669768105, "etaParabolaPlus": 1.6139456549299114, "ptFalling": 6.665049561282165, "etaParabolaPlusErr": 0.060905945423726404, "norm": 1.2248769591371476, "ptOffsetErr": 0.007508757543597699}