{"etaParabolaMinusErr": 0.03591150859190109, "etaParabolaMinus": 0.24644891458988738, "ptOffset": 1.4380559253298886, "normErr": 0.0011098597124083887, "etaParabolaBaseErr": 0.0028946818376172205, "ptFallingErr": 0.2665133291961941, "etaParabolaBase": 1.509966264007996, "etaParabolaPlus": 0.24995986875083115, "ptFalling": 3.869174471351544, "etaParabolaPlusErr": 0.03538413008976282, "norm": 1.233892680388939, "ptOffsetErr": 0.00627107510558933}